edition_id;facs;start_article
dark-3708581;https://betalab.kb.se/dark-3708581/bib13991099_19050131_0_12499A_0002.jp2/_view;Tyska handelsfördragen färdiga.
dark-3708581;https://betalab.kb.se/dark-3708581/bib13991099_19050131_0_12499A_0002.jp2/_view;Spårvägsolycka
dark-3708581;https://betalab.kb.se/dark-3708581/bib13991099_19050131_0_12499A_0002.jp2/_view;Stockholms-Nyheter
dark-3708581;https://betalab.kb.se/dark-3708581/bib13991099_19050131_0_12499A_0002.jp2/_view;Aldebaran-affären
dark-3708581;https://betalab.kb.se/dark-3708581/bib13991099_19050131_0_12499A_0002.jp2/_view;Om Stockholm vore mitt.
dark-3708581;https://betalab.kb.se/dark-3708581/bib13991099_19050131_0_12499A_0002.jp2/_view;Sydkustens förlisning
dark-3708581;https://betalab.kb.se/dark-3708581/bib13991099_19050131_0_12499A_0002.jp2/_view;Nordiska spelen
dark-3708581;https://betalab.kb.se/dark-3708581/bib13991099_19050131_0_12499A_0002.jp2/_view;En andeskådares kärlekslära.
dark-3708581;https://betalab.kb.se/dark-3708581/bib13991099_19050131_0_12499A_0002.jp2/_view;Teater, konst, litteratur.
dark-3708581;https://betalab.kb.se/dark-3708581/bib13991099_19050131_0_12499A_0002.jp2/_view;Personalnotiser.
dark-3708964;https://betalab.kb.se/dark-3708964/bib13991099_19050115_0_12483B_0002.jp2/_view;Groft öfvervåld på arbetaragitator.
dark-3708964;https://betalab.kb.se/dark-3708964/bib13991099_19050115_0_12483B_0002.jp2/_view;Personalnotiser.
dark-3708964;https://betalab.kb.se/dark-3708964/bib13991099_19050115_0_12483B_0002.jp2/_view;Första allmänna Melinska stenografmötet
dark-3708964;https://betalab.kb.se/dark-3708964/bib13991099_19050115_0_12483B_0002.jp2/_view;Sammankomster.
dark-3708964;https://betalab.kb.se/dark-3708964/bib13991099_19050115_0_12483B_0002.jp2/_view;Bolagsstämmor.
dark-3708964;https://betalab.kb.se/dark-3708964/bib13991099_19050115_0_12483B_0002.jp2/_view;Grannarne.
dark-3708964;https://betalab.kb.se/dark-3708964/bib13991099_19050115_0_12483B_0002.jp2/_view;Meddelanden från Allmänheten.
dark-3708964;https://betalab.kb.se/dark-3708964/bib13991099_19050115_0_12483B_0002.jp2/_view;Slaget vid Fiskartorpet.
dark-3708964;https://betalab.kb.se/dark-3708964/bib13991099_19050115_0_12483B_0002.jp2/_view;Väderleks-Bulletin.
dark-3708964;https://betalab.kb.se/dark-3708964/bib13991099_19050115_0_12483B_0002.jp2/_view;Handel.
dark-3708964;https://betalab.kb.se/dark-3708964/bib13991099_19050115_0_12483B_0002.jp2/_view;Aunonssvar
dark-3708964;https://betalab.kb.se/dark-3708964/bib13991099_19050115_0_12483B_0002.jp2/_view;Från Domstolarne.
dark-3708990;https://betalab.kb.se/dark-3708990/bib13991099_19050210_0_12509B_0001.jp2/_view;Stockholms-Nyheter.
dark-3708990;https://betalab.kb.se/dark-3708990/bib13991099_19050210_0_12509B_0001.jp2/_view;Efter dokuments-granskningen.
dark-3708990;https://betalab.kb.se/dark-3708990/bib13991099_19050210_0_12509B_0001.jp2/_view;En stockholmares fördelar.
dark-3708990;https://betalab.kb.se/dark-3708990/bib13991099_19050210_0_12509B_0001.jp2/_view;Frikyrkokonferensen.
dark-3708990;https://betalab.kb.se/dark-3708990/bib13991099_19050210_0_12509B_0001.jp2/_view;Labyrinter.
dark-3708990;https://betalab.kb.se/dark-3708990/bib13991099_19050210_0_12509B_0001.jp2/_view;Fartygsförluster och haverier under 1904.
dark-3708990;https://betalab.kb.se/dark-3708990/bib13991099_19050210_0_12509B_0001.jp2/_view;Från Domstolarne.
dark-3708990;https://betalab.kb.se/dark-3708990/bib13991099_19050210_0_12509B_0001.jp2/_view;Handel.
dark-3708990;https://betalab.kb.se/dark-3708990/bib13991099_19050210_0_12509B_0001.jp2/_view;Väderleks-Bulletin.